[{"model": "main.client", "pk": 1, "fields": {"first_name": "Иван", "last_name": "Петров", "patronymic": "Васильевич", "email": "test@mail.ru", "image": "", "comment": "1", "owner": 2}}, {"model": "main.client", "pk": 2, "fields": {"first_name": "Петр", "last_name": "Иванов", "patronymic": "Петрович", "email": "test2@mail.ru", "image": "", "comment": "2", "owner": 4}}, {"model": "main.client", "pk": 3, "fields": {"first_name": "Лариса", "last_name": "Шишкина", "patronymic": "Ивановна", "email": "test3@mail.ru", "image": "kot.jpg", "comment": "3", "owner": 2}}, {"model": "main.client", "pk": 4, "fields": {"first_name": "Ольга", "last_name": "Лисина", "patronymic": "Андреевна", "email": "test4@mail.ru", "image": "", "comment": "4", "owner": 4}}, {"model": "main.client", "pk": 6, "fields": {"first_name": "Глеб", "last_name": "Сотин", "patronymic": "Андреевич", "email": "test5@mail.ru", "image": "", "comment": "5", "owner": 2}}, {"model": "main.client", "pk": 7, "fields": {"first_name": "Алексей", "last_name": "Поворотов", "patronymic": "Игоревич", "email": "klepovaiv@gmail.com", "image": "", "comment": "", "owner": 4}}, {"model": "main.client", "pk": 8, "fields": {"first_name": "Владимир", "last_name": "Калинин", "patronymic": "Иванович", "email": "test6@mail.ru", "image": "", "comment": "6", "owner": 4}}, {"model": "main.client", "pk": 9, "fields": {"first_name": "Иван", "last_name": "Сиропов", "patronymic": "Семенович", "email": "test7@mail.ru", "image": "", "comment": "7", "owner": 2}}, {"model": "main.client", "pk": 10, "fields": {"first_name": "Матвей", "last_name": "Фомин", "patronymic": "Васильевич", "email": "test8@mail.ru", "image": "", "comment": "8", "owner": 2}}, {"model": "main.message", "pk": 1, "fields": {"title": "С Днем науки!", "text": "Здравствуйте!\r\n\r\nПоздравляем Вас с Днем Науки!", "owner": 2}}, {"model": "main.message", "pk": 2, "fields": {"title": "С Днем взятия Бастилии!", "text": "Здравствуйте!\r\n\r\nПоздравляем Вас с Днем взятия Бастилии!", "owner": 2}}, {"model": "main.message", "pk": 3, "fields": {"title": "С Новым годом!", "text": "Здравствуйте!\r\n\r\nПоздравляем Вас с Новым годом!", "owner": 4}}, {"model": "main.message", "pk": 4, "fields": {"title": "С Днем Победы!", "text": "Здравствуйте!\r\n\r\nПоздравляем Вас с Днем Победы!", "owner": 2}}, {"model": "main.message", "pk": 5, "fields": {"title": "С Днем клевера!", "text": "Здравствуйте!\r\n\r\nПоздравляем Вас с Днем клевера!", "owner": 4}}, {"model": "main.message", "pk": 6, "fields": {"title": "Внимание! Акция!", "text": "Здравствуйте!\r\nУ нас действует акция -20% на все товары!\r\n\r\nУспейте приобрести наши продукты!\r\n\r\nАкция действует до 29.09.24 года", "owner": 4}}, {"model": "main.message", "pk": 7, "fields": {"title": "С 1 мая!", "text": "Здравствуйте!\r\nПоздравляем Вас праздником 1 мая!", "owner": 2}}, {"model": "main.message", "pk": 8, "fields": {"title": "Новинка!", "text": "Здравствуйте!\r\n\r\nУ нас обновление товаров!", "owner": 2}}, {"model": "main.mailing", "pk": 1, "fields": {"start_time": "2024-09-10T00:00:00Z", "next_time": null, "end_time": "2024-09-13T00:00:00Z", "periodicity": "Ежедневно", "status": "Завершена", "is_active": true, "letter": 2, "owner": null, "clients": [1, 2, 3]}}, {"model": "main.mailing", "pk": 2, "fields": {"start_time": "2024-09-23T10:10:00Z", "next_time": "2024-09-17T16:00:00Z", "end_time": "2024-10-18T06:00:00Z", "periodicity": "Еженедельно", "status": "Запущена", "is_active": true, "letter": 1, "owner": 6, "clients": [7]}}, {"model": "main.mailing", "pk": 3, "fields": {"start_time": "2024-09-11T12:00:00Z", "next_time": "2024-10-15T14:54:00Z", "end_time": "2025-02-11T12:00:00Z", "periodicity": "Ежемесячно", "status": "Запущена", "is_active": false, "letter": 3, "owner": null, "clients": [2, 6]}}, {"model": "main.mailing", "pk": 4, "fields": {"start_time": "2024-12-30T12:00:00Z", "next_time": "2024-12-30T12:00:00Z", "end_time": "2025-01-03T12:00:00Z", "periodicity": "Ежедневно", "status": "Запущена", "is_active": true, "letter": 3, "owner": null, "clients": [1, 2, 3, 4, 6]}}, {"model": "main.mailing", "pk": 5, "fields": {"start_time": "2024-09-16T19:00:00Z", "next_time": "2024-09-15T19:00:00Z", "end_time": "2024-09-17T00:00:00Z", "periodicity": "Ежедневно", "status": "Завершена", "is_active": false, "letter": 2, "owner": 6, "clients": [7]}}, {"model": "main.mailing", "pk": 6, "fields": {"start_time": "2024-09-18T09:50:00Z", "next_time": "2024-09-16T23:50:00Z", "end_time": "2024-09-17T18:15:00Z", "periodicity": "Ежедневно", "status": "Завершена", "is_active": true, "letter": 2, "owner": 6, "clients": [7]}}, {"model": "main.mailing", "pk": 7, "fields": {"start_time": "2024-09-16T19:28:00Z", "next_time": "2024-09-15T19:30:00Z", "end_time": "2024-09-16T18:15:00Z", "periodicity": "Ежедневно", "status": "Завершена", "is_active": true, "letter": 2, "owner": 6, "clients": [7]}}, {"model": "main.mailing", "pk": 8, "fields": {"start_time": "2024-09-18T07:20:00Z", "next_time": "2024-09-18T07:20:00Z", "end_time": "2024-09-19T07:20:00Z", "periodicity": "Ежедневно", "status": "Запущена", "is_active": true, "letter": 6, "owner": 4, "clients": [7]}}, {"model": "main.mailing", "pk": 9, "fields": {"start_time": "2024-09-19T18:50:00Z", "next_time": "2024-09-20T18:50:00Z", "end_time": "2025-01-03T12:00:00Z", "periodicity": "Ежедневно", "status": "Запущена", "is_active": true, "letter": 7, "owner": 2, "clients": [7]}}, {"model": "main.mailing", "pk": 10, "fields": {"start_time": "2024-09-18T19:10:00Z", "next_time": null, "end_time": "2024-09-19T18:15:00Z", "periodicity": "Ежедневно", "status": "Завершена", "is_active": true, "letter": 8, "owner": 2, "clients": [7]}}, {"model": "main.log", "pk": 3, "fields": {"last_attempt_time": "2024-09-16T09:49:24.917Z", "attempt_status": "Успешно", "server_response": "1", "mailing": 5}}, {"model": "main.log", "pk": 4, "fields": {"last_attempt_time": "2024-09-16T09:49:27.148Z", "attempt_status": "Успешно", "server_response": "1", "mailing": 7}}, {"model": "main.log", "pk": 5, "fields": {"last_attempt_time": "2024-09-16T09:49:34.455Z", "attempt_status": "Безуспешно", "server_response": "(550, b'Message was not accepted -- invalid mailbox.  Local mailbox test2@mail.ru is unavailable: user is terminated')", "mailing": 3}}, {"model": "main.log", "pk": 6, "fields": {"last_attempt_time": "2024-09-16T09:49:36.668Z", "attempt_status": "Безуспешно", "server_response": "(550, b'Message was not accepted -- invalid mailbox.  Local mailbox test5@mail.ru is unavailable: user is terminated')", "mailing": 3}}, {"model": "main.log", "pk": 7, "fields": {"last_attempt_time": "2024-09-16T09:49:38.900Z", "attempt_status": "Успешно", "server_response": "1", "mailing": 6}}, {"model": "main.log", "pk": 8, "fields": {"last_attempt_time": "2024-09-16T09:49:43.003Z", "attempt_status": "Безуспешно", "server_response": "(550, b'Message was not accepted -- invalid mailbox.  Local mailbox test2@mail.ru is unavailable: user is terminated')", "mailing": 3}}, {"model": "main.log", "pk": 9, "fields": {"last_attempt_time": "2024-09-16T09:49:44.688Z", "attempt_status": "Безуспешно", "server_response": "(550, b'Message was not accepted -- invalid mailbox.  Local mailbox test5@mail.ru is unavailable: user is terminated')", "mailing": 3}}, {"model": "main.log", "pk": 10, "fields": {"last_attempt_time": "2024-09-16T09:50:11.894Z", "attempt_status": "Безуспешно", "server_response": "(550, b'Message was not accepted -- invalid mailbox.  Local mailbox test2@mail.ru is unavailable: user is terminated')", "mailing": 3}}, {"model": "main.log", "pk": 11, "fields": {"last_attempt_time": "2024-09-16T09:50:17.447Z", "attempt_status": "Безуспешно", "server_response": "(550, b'Message was not accepted -- invalid mailbox.  Local mailbox test5@mail.ru is unavailable: user is terminated')", "mailing": 3}}, {"model": "main.log", "pk": 12, "fields": {"last_attempt_time": "2024-09-16T09:50:24.339Z", "attempt_status": "Безуспешно", "server_response": "(550, b'Message was not accepted -- invalid mailbox.  Local mailbox test2@mail.ru is unavailable: user is terminated')", "mailing": 3}}, {"model": "main.log", "pk": 13, "fields": {"last_attempt_time": "2024-09-16T09:50:26.629Z", "attempt_status": "Безуспешно", "server_response": "(550, b'Message was not accepted -- invalid mailbox.  Local mailbox test5@mail.ru is unavailable: user is terminated')", "mailing": 3}}, {"model": "main.log", "pk": 14, "fields": {"last_attempt_time": "2024-09-16T09:50:31.461Z", "attempt_status": "Безуспешно", "server_response": "(550, b'Message was not accepted -- invalid mailbox.  Local mailbox test2@mail.ru is unavailable: user is terminated')", "mailing": 3}}, {"model": "main.log", "pk": 15, "fields": {"last_attempt_time": "2024-09-16T09:50:39.941Z", "attempt_status": "Безуспешно", "server_response": "(550, b'Message was not accepted -- invalid mailbox.  Local mailbox test5@mail.ru is unavailable: user is terminated')", "mailing": 3}}, {"model": "main.log", "pk": 16, "fields": {"last_attempt_time": "2024-09-16T09:56:15.129Z", "attempt_status": "Безуспешно", "server_response": "(550, b'Message was not accepted -- invalid mailbox.  Local mailbox test2@mail.ru is unavailable: user is terminated')", "mailing": 3}}, {"model": "main.log", "pk": 17, "fields": {"last_attempt_time": "2024-09-16T09:56:16.896Z", "attempt_status": "Безуспешно", "server_response": "(550, b'Message was not accepted -- invalid mailbox.  Local mailbox test5@mail.ru is unavailable: user is terminated')", "mailing": 3}}, {"model": "main.log", "pk": 18, "fields": {"last_attempt_time": "2024-09-16T09:56:21.544Z", "attempt_status": "Безуспешно", "server_response": "(550, b'Message was not accepted -- invalid mailbox.  Local mailbox test2@mail.ru is unavailable: user is terminated')", "mailing": 3}}, {"model": "main.log", "pk": 19, "fields": {"last_attempt_time": "2024-09-16T09:56:25.344Z", "attempt_status": "Безуспешно", "server_response": "(550, b'Message was not accepted -- invalid mailbox.  Local mailbox test5@mail.ru is unavailable: user is terminated')", "mailing": 3}}, {"model": "main.log", "pk": 20, "fields": {"last_attempt_time": "2024-09-16T09:56:32.059Z", "attempt_status": "Безуспешно", "server_response": "(550, b'Message was not accepted -- invalid mailbox.  Local mailbox test2@mail.ru is unavailable: user is terminated')", "mailing": 3}}, {"model": "main.log", "pk": 21, "fields": {"last_attempt_time": "2024-09-16T09:56:34.136Z", "attempt_status": "Безуспешно", "server_response": "(550, b'Message was not accepted -- invalid mailbox.  Local mailbox test5@mail.ru is unavailable: user is terminated')", "mailing": 3}}, {"model": "main.log", "pk": 22, "fields": {"last_attempt_time": "2024-09-16T10:08:34.286Z", "attempt_status": "Безуспешно", "server_response": "(550, b'Message was not accepted -- invalid mailbox.  Local mailbox test2@mail.ru is unavailable: user is terminated')", "mailing": 3}}, {"model": "main.log", "pk": 23, "fields": {"last_attempt_time": "2024-09-16T10:08:36.549Z", "attempt_status": "Безуспешно", "server_response": "(550, b'Message was not accepted -- invalid mailbox.  Local mailbox test5@mail.ru is unavailable: user is terminated')", "mailing": 3}}, {"model": "main.log", "pk": 24, "fields": {"last_attempt_time": "2024-09-16T10:08:38.827Z", "attempt_status": "Успешно", "server_response": "1", "mailing": 2}}, {"model": "main.log", "pk": 25, "fields": {"last_attempt_time": "2024-09-16T10:08:42.754Z", "attempt_status": "Безуспешно", "server_response": "(550, b'Message was not accepted -- invalid mailbox.  Local mailbox test2@mail.ru is unavailable: user is terminated')", "mailing": 3}}, {"model": "main.log", "pk": 26, "fields": {"last_attempt_time": "2024-09-16T10:08:45.205Z", "attempt_status": "Безуспешно", "server_response": "(550, b'Message was not accepted -- invalid mailbox.  Local mailbox test5@mail.ru is unavailable: user is terminated')", "mailing": 3}}, {"model": "main.log", "pk": 27, "fields": {"last_attempt_time": "2024-09-17T07:15:04.731Z", "attempt_status": "Успешно", "server_response": "1", "mailing": 8}}, {"model": "main.log", "pk": 28, "fields": {"last_attempt_time": "2024-09-17T07:15:04.735Z", "attempt_status": "Успешно", "server_response": "1", "mailing": 8}}, {"model": "main.log", "pk": 29, "fields": {"last_attempt_time": "2024-09-17T07:15:06.959Z", "attempt_status": "Успешно", "server_response": "1", "mailing": 6}}, {"model": "main.log", "pk": 30, "fields": {"last_attempt_time": "2024-09-17T07:15:07.369Z", "attempt_status": "Успешно", "server_response": "1", "mailing": 6}}, {"model": "main.log", "pk": 31, "fields": {"last_attempt_time": "2024-09-17T07:15:08.068Z", "attempt_status": "Безуспешно", "server_response": "(550, b'Message was not accepted -- invalid mailbox.  Local mailbox test2@mail.ru is unavailable: user is terminated')", "mailing": 3}}, {"model": "main.log", "pk": 32, "fields": {"last_attempt_time": "2024-09-17T07:15:08.328Z", "attempt_status": "Безуспешно", "server_response": "(550, b'Message was not accepted -- invalid mailbox.  Local mailbox test2@mail.ru is unavailable: user is terminated')", "mailing": 3}}, {"model": "main.log", "pk": 33, "fields": {"last_attempt_time": "2024-09-17T07:15:09.294Z", "attempt_status": "Безуспешно", "server_response": "(550, b'Message was not accepted -- invalid mailbox.  Local mailbox test5@mail.ru is unavailable: user is terminated')", "mailing": 3}}, {"model": "main.log", "pk": 34, "fields": {"last_attempt_time": "2024-09-17T07:15:09.456Z", "attempt_status": "Безуспешно", "server_response": "(550, b'Message was not accepted -- invalid mailbox.  Local mailbox test5@mail.ru is unavailable: user is terminated')", "mailing": 3}}, {"model": "main.log", "pk": 35, "fields": {"last_attempt_time": "2024-09-17T07:15:11.015Z", "attempt_status": "Безуспешно", "server_response": "(550, b'Message was not accepted -- invalid mailbox.  Local mailbox test2@mail.ru is unavailable: user is terminated')", "mailing": 3}}, {"model": "main.log", "pk": 36, "fields": {"last_attempt_time": "2024-09-17T07:15:11.923Z", "attempt_status": "Безуспешно", "server_response": "(550, b'Message was not accepted -- invalid mailbox.  Local mailbox test5@mail.ru is unavailable: user is terminated')", "mailing": 3}}, {"model": "main.log", "pk": 37, "fields": {"last_attempt_time": "2024-09-17T07:15:21.041Z", "attempt_status": "Безуспешно", "server_response": "(550, b'Message was not accepted -- invalid mailbox.  Local mailbox test2@mail.ru is unavailable: user is terminated')", "mailing": 3}}, {"model": "main.log", "pk": 38, "fields": {"last_attempt_time": "2024-09-17T07:15:22.047Z", "attempt_status": "Безуспешно", "server_response": "(550, b'Message was not accepted -- invalid mailbox.  Local mailbox test5@mail.ru is unavailable: user is terminated')", "mailing": 3}}, {"model": "main.log", "pk": 39, "fields": {"last_attempt_time": "2024-09-17T07:15:31.759Z", "attempt_status": "Безуспешно", "server_response": "(550, b'Message was not accepted -- invalid mailbox.  Local mailbox test2@mail.ru is unavailable: user is terminated')", "mailing": 3}}, {"model": "main.log", "pk": 40, "fields": {"last_attempt_time": "2024-09-17T07:15:33.822Z", "attempt_status": "Безуспешно", "server_response": "(550, b'Message was not accepted -- invalid mailbox.  Local mailbox test5@mail.ru is unavailable: user is terminated')", "mailing": 3}}, {"model": "main.log", "pk": 41, "fields": {"last_attempt_time": "2024-09-17T07:15:41.018Z", "attempt_status": "Безуспешно", "server_response": "(550, b'Message was not accepted -- invalid mailbox.  Local mailbox test2@mail.ru is unavailable: user is terminated')", "mailing": 3}}, {"model": "main.log", "pk": 42, "fields": {"last_attempt_time": "2024-09-17T07:15:42.107Z", "attempt_status": "Безуспешно", "server_response": "(550, b'Message was not accepted -- invalid mailbox.  Local mailbox test5@mail.ru is unavailable: user is terminated')", "mailing": 3}}, {"model": "main.log", "pk": 43, "fields": {"last_attempt_time": "2024-09-17T07:15:51.096Z", "attempt_status": "Безуспешно", "server_response": "(550, b'Message was not accepted -- invalid mailbox.  Local mailbox test2@mail.ru is unavailable: user is terminated')", "mailing": 3}}, {"model": "main.log", "pk": 44, "fields": {"last_attempt_time": "2024-09-17T07:15:52.162Z", "attempt_status": "Безуспешно", "server_response": "(550, b'Message was not accepted -- invalid mailbox.  Local mailbox test5@mail.ru is unavailable: user is terminated')", "mailing": 3}}, {"model": "main.log", "pk": 45, "fields": {"last_attempt_time": "2024-09-17T07:16:01.276Z", "attempt_status": "Безуспешно", "server_response": "(550, b'Message was not accepted -- invalid mailbox.  Local mailbox test2@mail.ru is unavailable: user is terminated')", "mailing": 3}}, {"model": "main.log", "pk": 46, "fields": {"last_attempt_time": "2024-09-17T07:16:01.279Z", "attempt_status": "Безуспешно", "server_response": "(550, b'Message was not accepted -- invalid mailbox.  Local mailbox test2@mail.ru is unavailable: user is terminated')", "mailing": 3}}, {"model": "main.log", "pk": 47, "fields": {"last_attempt_time": "2024-09-17T07:16:02.975Z", "attempt_status": "Безуспешно", "server_response": "(550, b'Message was not accepted -- invalid mailbox.  Local mailbox test5@mail.ru is unavailable: user is terminated')", "mailing": 3}}, {"model": "main.log", "pk": 48, "fields": {"last_attempt_time": "2024-09-17T07:16:03.022Z", "attempt_status": "Безуспешно", "server_response": "(550, b'Message was not accepted -- invalid mailbox.  Local mailbox test5@mail.ru is unavailable: user is terminated')", "mailing": 3}}, {"model": "main.log", "pk": 49, "fields": {"last_attempt_time": "2024-09-17T07:16:10.848Z", "attempt_status": "Безуспешно", "server_response": "(550, b'Message was not accepted -- invalid mailbox.  Local mailbox test2@mail.ru is unavailable: user is terminated')", "mailing": 3}}, {"model": "main.log", "pk": 50, "fields": {"last_attempt_time": "2024-09-17T07:16:11.864Z", "attempt_status": "Безуспешно", "server_response": "(550, b'Message was not accepted -- invalid mailbox.  Local mailbox test5@mail.ru is unavailable: user is terminated')", "mailing": 3}}, {"model": "main.log", "pk": 51, "fields": {"last_attempt_time": "2024-09-17T07:16:21.181Z", "attempt_status": "Безуспешно", "server_response": "(550, b'Message was not accepted -- invalid mailbox.  Local mailbox test2@mail.ru is unavailable: user is terminated')", "mailing": 3}}, {"model": "main.log", "pk": 52, "fields": {"last_attempt_time": "2024-09-17T07:16:22.338Z", "attempt_status": "Безуспешно", "server_response": "(550, b'Message was not accepted -- invalid mailbox.  Local mailbox test5@mail.ru is unavailable: user is terminated')", "mailing": 3}}, {"model": "main.log", "pk": 53, "fields": {"last_attempt_time": "2024-09-17T07:16:31.673Z", "attempt_status": "Безуспешно", "server_response": "(550, b'Message was not accepted -- invalid mailbox.  Local mailbox test2@mail.ru is unavailable: user is terminated')", "mailing": 3}}, {"model": "main.log", "pk": 54, "fields": {"last_attempt_time": "2024-09-17T07:16:33.252Z", "attempt_status": "Безуспешно", "server_response": "(550, b'Message was not accepted -- invalid mailbox.  Local mailbox test5@mail.ru is unavailable: user is terminated')", "mailing": 3}}, {"model": "main.log", "pk": 55, "fields": {"last_attempt_time": "2024-09-17T07:16:41.101Z", "attempt_status": "Безуспешно", "server_response": "(550, b'Message was not accepted -- invalid mailbox.  Local mailbox test2@mail.ru is unavailable: user is terminated')", "mailing": 3}}, {"model": "main.log", "pk": 56, "fields": {"last_attempt_time": "2024-09-17T07:16:42.211Z", "attempt_status": "Безуспешно", "server_response": "(550, b'Message was not accepted -- invalid mailbox.  Local mailbox test5@mail.ru is unavailable: user is terminated')", "mailing": 3}}, {"model": "main.log", "pk": 57, "fields": {"last_attempt_time": "2024-09-17T07:16:51.200Z", "attempt_status": "Безуспешно", "server_response": "(550, b'Message was not accepted -- invalid mailbox.  Local mailbox test2@mail.ru is unavailable: user is terminated')", "mailing": 3}}, {"model": "main.log", "pk": 58, "fields": {"last_attempt_time": "2024-09-17T07:16:52.294Z", "attempt_status": "Безуспешно", "server_response": "(550, b'Message was not accepted -- invalid mailbox.  Local mailbox test5@mail.ru is unavailable: user is terminated')", "mailing": 3}}, {"model": "main.log", "pk": 59, "fields": {"last_attempt_time": "2024-09-17T07:17:01.078Z", "attempt_status": "Безуспешно", "server_response": "(550, b'Message was not accepted -- invalid mailbox.  Local mailbox test2@mail.ru is unavailable: user is terminated')", "mailing": 3}}, {"model": "main.log", "pk": 60, "fields": {"last_attempt_time": "2024-09-17T07:17:01.171Z", "attempt_status": "Безуспешно", "server_response": "(550, b'Message was not accepted -- invalid mailbox.  Local mailbox test2@mail.ru is unavailable: user is terminated')", "mailing": 3}}, {"model": "main.log", "pk": 61, "fields": {"last_attempt_time": "2024-09-17T07:17:02.036Z", "attempt_status": "Безуспешно", "server_response": "(550, b'Message was not accepted -- invalid mailbox.  Local mailbox test5@mail.ru is unavailable: user is terminated')", "mailing": 3}}, {"model": "main.log", "pk": 62, "fields": {"last_attempt_time": "2024-09-17T07:17:02.436Z", "attempt_status": "Безуспешно", "server_response": "(550, b'Message was not accepted -- invalid mailbox.  Local mailbox test5@mail.ru is unavailable: user is terminated')", "mailing": 3}}, {"model": "main.log", "pk": 63, "fields": {"last_attempt_time": "2024-09-17T07:17:10.951Z", "attempt_status": "Безуспешно", "server_response": "(550, b'Message was not accepted -- invalid mailbox.  Local mailbox test2@mail.ru is unavailable: user is terminated')", "mailing": 3}}, {"model": "main.log", "pk": 64, "fields": {"last_attempt_time": "2024-09-17T07:17:12.125Z", "attempt_status": "Безуспешно", "server_response": "(550, b'Message was not accepted -- invalid mailbox.  Local mailbox test5@mail.ru is unavailable: user is terminated')", "mailing": 3}}, {"model": "main.log", "pk": 65, "fields": {"last_attempt_time": "2024-09-17T07:17:21.200Z", "attempt_status": "Безуспешно", "server_response": "(550, b'Message was not accepted -- invalid mailbox.  Local mailbox test2@mail.ru is unavailable: user is terminated')", "mailing": 3}}, {"model": "main.log", "pk": 66, "fields": {"last_attempt_time": "2024-09-17T07:17:23.510Z", "attempt_status": "Безуспешно", "server_response": "(550, b'Message was not accepted -- invalid mailbox.  Local mailbox test5@mail.ru is unavailable: user is terminated')", "mailing": 3}}, {"model": "main.log", "pk": 67, "fields": {"last_attempt_time": "2024-09-17T07:17:31.813Z", "attempt_status": "Безуспешно", "server_response": "(550, b'Message was not accepted -- invalid mailbox.  Local mailbox test2@mail.ru is unavailable: user is terminated')", "mailing": 3}}, {"model": "main.log", "pk": 68, "fields": {"last_attempt_time": "2024-09-17T07:17:33.268Z", "attempt_status": "Безуспешно", "server_response": "(550, b'Message was not accepted -- invalid mailbox.  Local mailbox test5@mail.ru is unavailable: user is terminated')", "mailing": 3}}, {"model": "main.log", "pk": 69, "fields": {"last_attempt_time": "2024-09-17T07:17:40.961Z", "attempt_status": "Безуспешно", "server_response": "(550, b'Message was not accepted -- invalid mailbox.  Local mailbox test2@mail.ru is unavailable: user is terminated')", "mailing": 3}}, {"model": "main.log", "pk": 70, "fields": {"last_attempt_time": "2024-09-17T07:17:42.053Z", "attempt_status": "Безуспешно", "server_response": "(550, b'Message was not accepted -- invalid mailbox.  Local mailbox test5@mail.ru is unavailable: user is terminated')", "mailing": 3}}, {"model": "main.log", "pk": 71, "fields": {"last_attempt_time": "2024-09-17T07:17:51.328Z", "attempt_status": "Безуспешно", "server_response": "(550, b'Message was not accepted -- invalid mailbox.  Local mailbox test2@mail.ru is unavailable: user is terminated')", "mailing": 3}}, {"model": "main.log", "pk": 72, "fields": {"last_attempt_time": "2024-09-17T07:17:52.373Z", "attempt_status": "Безуспешно", "server_response": "(550, b'Message was not accepted -- invalid mailbox.  Local mailbox test5@mail.ru is unavailable: user is terminated')", "mailing": 3}}, {"model": "main.log", "pk": 73, "fields": {"last_attempt_time": "2024-09-17T07:18:01.143Z", "attempt_status": "Безуспешно", "server_response": "(550, b'Message was not accepted -- invalid mailbox.  Local mailbox test2@mail.ru is unavailable: user is terminated')", "mailing": 3}}, {"model": "main.log", "pk": 74, "fields": {"last_attempt_time": "2024-09-17T07:18:01.281Z", "attempt_status": "Безуспешно", "server_response": "(550, b'Message was not accepted -- invalid mailbox.  Local mailbox test2@mail.ru is unavailable: user is terminated')", "mailing": 3}}, {"model": "main.log", "pk": 75, "fields": {"last_attempt_time": "2024-09-17T07:18:02.397Z", "attempt_status": "Безуспешно", "server_response": "(550, b'Message was not accepted -- invalid mailbox.  Local mailbox test5@mail.ru is unavailable: user is terminated')", "mailing": 3}}, {"model": "main.log", "pk": 76, "fields": {"last_attempt_time": "2024-09-17T07:18:02.442Z", "attempt_status": "Безуспешно", "server_response": "(550, b'Message was not accepted -- invalid mailbox.  Local mailbox test5@mail.ru is unavailable: user is terminated')", "mailing": 3}}, {"model": "main.log", "pk": 77, "fields": {"last_attempt_time": "2024-09-17T07:18:11.249Z", "attempt_status": "Безуспешно", "server_response": "(550, b'Message was not accepted -- invalid mailbox.  Local mailbox test2@mail.ru is unavailable: user is terminated')", "mailing": 3}}, {"model": "main.log", "pk": 78, "fields": {"last_attempt_time": "2024-09-17T07:18:12.392Z", "attempt_status": "Безуспешно", "server_response": "(550, b'Message was not accepted -- invalid mailbox.  Local mailbox test5@mail.ru is unavailable: user is terminated')", "mailing": 3}}, {"model": "main.log", "pk": 79, "fields": {"last_attempt_time": "2024-09-17T15:10:03.484Z", "attempt_status": "Успешно", "server_response": "1", "mailing": 10}}, {"model": "main.log", "pk": 80, "fields": {"last_attempt_time": "2024-09-17T15:10:03.607Z", "attempt_status": "Успешно", "server_response": "1", "mailing": 10}}]